student_id,final,midterm_1,midterm_2
S1,182.0,78.0,82.0
S2,180.0,82.0,85.0
S3,188.0,77.0,90.0
S4,149.0,75.0,77.0
S5,157.0,67.0,77.0
S6,175.0,71.0,64.0
S7,110.0,64.0,33.0
S8,184.0,92.0,88.0
S9,126.0,80.0,39.0
S10,116.0,89.0,64.0
